<Settings><Data>2304001001394</Data><Dymbology>7</Dymbology><ApplyTilde>False</ApplyTilde><AddCheckSum>False</AddCheckSum><ShowStartStop>True</ShowStartStop><ShowCheckSum>True</ShowCheckSum><SupData /><SupHeight>0.8</SupHeight><SupSpace>15</SupSpace><BearerHori>1</BearerHori><BearerVert>1</BearerVert><N>2</N><Short2Tall>0.4</Short2Tall><UPCENum>0</UPCENum><CodabarStart>0</CodabarStart><CodabarStop>0</CodabarStop><UOM>0</UOM><X>1</X><Y>55</Y><ImageWidth>0</ImageWidth><ImageHeight>0</ImageHeight><TextMargin>6</TextMargin><LeftMargin>0</LeftMargin><RightMargin>0</RightMargin><TopMargin>0</TopMargin><BottomMargin>0</BottomMargin><Resolution>96</Resolution><ImageFormat>3</ImageFormat><Rotate>0</Rotate><ShowtText>True</ShowtText><TextFont>Arial|8|regular</TextFont><TextColor>-16777216</TextColor><BackColor>-1</BackColor><ForeColor>-16777216</ForeColor></Settings>